[
  {
    "name": "Nitrato de Amonio Cálcico (CAN) 27-0-0+Ca",
    "slug": "can_27_0_0_ca",
    "category": "nitrogen",
    "subcategory": "solid",
    "n_pct": 27.0,
    "p2o5_pct": 0.0,
    "k2o_pct": 0.0,
    "ca_pct": 8.0,
    "chemical_form": "ammonium_nitrate_calcium",
    "n_ammoniacal_pct": 13.5,
    "n_nitric_pct": 13.5,
    "physical_state": "solid",
    "solubility_g_l": 1900.0,
    "ph_solution_1pct": 6.5,
    "salt_index": 61.0,
    "for_soil": true,
    "for_fertigation": false,
    "efficiency_factor": 0.9,
    "caco3_equivalent_kg_per_100kg": 20.0,
    "cost_per_unit": 420.0,
    "unit": "kg",
    "description": "Nitrato con calcio. Acción rápida por nitrato + efecto prolongado del amonio."
  },
  {
    "name": "UAN 32% N Líquido",
    "slug": "uan_32_n_liquido",
    "category": "nitrogen",
    "subcategory": "liquid",
    "n_pct": 32.0,
    "p2o5_pct": 0.0,
    "k2o_pct": 0.0,
    "chemical_form": "urea_ammonium_nitrate",
    "n_ureic_pct": 16.0,
    "n_ammoniacal_pct": 8.0,
    "n_nitric_pct": 8.0,
    "physical_state": "liquid",
    "density_g_ml": 1.32,
    "ph_solution_1pct": 7.0,
    "for_soil": true,
    "for_fertigation": false,
    "efficiency_factor": 0.8,
    "cost_per_unit": 8.5,
    "unit": "L",
    "description": "Solución líquida de N. Tres formas de nitrógeno para liberación escalonada."
  },
  {
    "name": "Nitrato de Amonio 34-0-0",
    "slug": "nitrato_amonio_34_0_0",
    "category": "nitrogen",
    "subcategory": "solid",
    "n_pct": 34.0,
    "p2o5_pct": 0.0,
    "k2o_pct": 0.0,
    "chemical_form": "ammonium_nitrate",
    "n_ammoniacal_pct": 17.0,
    "n_nitric_pct": 17.0,
    "physical_state": "solid",
    "solubility_g_l": 1900.0,
    "ph_solution_1pct": 5.5,
    "salt_index": 105.0,
    "for_soil": true,
    "for_fertigation": false,
    "efficiency_factor": 0.9,
    "restricted": true,
    "caco3_equivalent_kg_per_100kg": -59.0,
    "cost_per_unit": 480.0,
    "unit": "kg",
    "hazard_phrases": [
      "H271",
      "H319"
    ],
    "description": "Alta concentración. Regulado por seguridad. Mitad nitrato (rápido) + mitad amonio (lento)."
  },
  {
    "name": "MAP 11-52-0",
    "slug": "map_11_52_0",
    "category": "phosphorus",
    "subcategory": "solid",
    "n_pct": 11.0,
    "p2o5_pct": 52.0,
    "k2o_pct": 0.0,
    "chemical_form": "monoammonium_phosphate",
    "n_ammoniacal_pct": 11.0,
    "physical_state": "solid",
    "solubility_g_l": 365.0,
    "ph_solution_1pct": 4.5,
    "salt_index": 30.0,
    "for_soil": true,
    "for_fertigation": false,
    "for_foliar": true,
    "max_foliar_dose_g_l": 5.0,
    "efficiency_factor": 0.7,
    "caco3_equivalent_kg_per_100kg": -65.0,
    "cost_per_unit": 720.0,
    "unit": "kg",
    "description": "Fósforo de alta concentración con efecto acidificante. Ideal para arranque y fertirriego."
  },
  {
    "name": "DAP 18-46-0",
    "slug": "dap_18_46_0",
    "category": "phosphorus",
    "subcategory": "solid",
    "n_pct": 18.0,
    "p2o5_pct": 46.0,
    "k2o_pct": 0.0,
    "chemical_form": "diammonium_phosphate",
    "n_ammoniacal_pct": 18.0,
    "physical_state": "solid",
    "solubility_g_l": 575.0,
    "ph_solution_1pct": 8.0,
    "salt_index": 34.0,
    "for_soil": true,
    "for_fertigation": false,
    "efficiency_factor": 0.65,
    "caco3_equivalent_kg_per_100kg": -74.0,
    "cost_per_unit": 680.0,
    "unit": "kg",
    "incompatible_with": [
      "calcium_products"
    ],
    "description": "Fertilizante NP de fondo. pH alcalino, puede inmovilizar micros en suelos calizos."
  },
  {
    "name": "TSP 0-46-0",
    "slug": "tsp_0_46_0",
    "category": "phosphorus",
    "subcategory": "solid",
    "n_pct": 0.0,
    "p2o5_pct": 46.0,
    "k2o_pct": 0.0,
    "ca_pct": 15.0,
    "chemical_form": "triple_superphosphate",
    "physical_state": "solid",
    "solubility_g_l": 20.0,
    "ph_solution_1pct": 6.5,
    "salt_index": 10.0,
    "for_soil": true,
    "efficiency_factor": 0.6,
    "cost_per_unit": 650.0,
    "unit": "kg",
    "description": "Superfosfato triple. Baja solubilidad, ideal para aplicación de fondo."
  },
  {
    "name": "SSP 0-20-0+Ca+S",
    "slug": "ssp_0_20_0_ca_s",
    "category": "phosphorus",
    "subcategory": "solid",
    "n_pct": 0.0,
    "p2o5_pct": 20.0,
    "k2o_pct": 0.0,
    "ca_pct": 18.0,
    "s_pct": 12.0,
    "chemical_form": "simple_superphosphate",
    "physical_state": "solid",
    "solubility_g_l": 18.0,
    "ph_solution_1pct": 6.0,
    "salt_index": 8.0,
    "for_soil": true,
    "efficiency_factor": 0.55,
    "cost_per_unit": 290.0,
    "unit": "kg",
    "description": "Superfosfato simple con Ca y S. Económico para fondo en grandes extensiones."
  },
  {
    "name": "Muriato de Potasio (KCl) 0-0-60",
    "slug": "kcl_0_0_60",
    "category": "potassium",
    "subcategory": "solid",
    "n_pct": 0.0,
    "p2o5_pct": 0.0,
    "k2o_pct": 60.0,
    "chemical_form": "potassium_chloride",
    "physical_state": "solid",
    "chloride_content_pct": 47.0,
    "solubility_g_l": 340.0,
    "ph_solution_1pct": 7.0,
    "salt_index": 116.0,
    "for_soil": true,
    "for_fertigation": false,
    "efficiency_factor": 0.8,
    "cost_per_unit": 420.0,
    "unit": "kg",
    "sensitive_crops": [
      "tobacco",
      "potato",
      "tomato",
      "berries"
    ],
    "description": "Fuente más económica de K. Alto índice salino y Cl, evitar en cultivos sensibles."
  },
  {
    "name": "Tiosulfato de Potasio (KTS) 0-0-25+17S",
    "slug": "kts_0_0_25_17s",
    "category": "potassium",
    "subcategory": "liquid",
    "n_pct": 0.0,
    "p2o5_pct": 0.0,
    "k2o_pct": 25.0,
    "s_pct": 17.0,
    "chemical_form": "potassium_thiosulfate",
    "physical_state": "liquid",
    "density_g_ml": 1.49,
    "ph_solution_1pct": 7.0,
    "for_fertigation": false,
    "efficiency_factor": 0.85,
    "cost_per_unit": 22.0,
    "unit": "L",
    "description": "K + S líquido para fertirriego. Baja salinidad, compatible con la mayoría de productos."
  },
  {
    "name": "Yeso Agrícola CaSO4·2H2O",
    "slug": "yeso_agricola",
    "category": "secondary",
    "subcategory": "calcium",
    "n_pct": 0.0,
    "p2o5_pct": 0.0,
    "k2o_pct": 0.0,
    "ca_pct": 23.0,
    "s_pct": 18.0,
    "chemical_form": "calcium_sulfate",
    "physical_state": "solid",
    "solubility_g_l": 2.5,
    "ph_solution_1pct": 7.0,
    "for_soil": true,
    "caco3_equivalent_kg_per_100kg": 0.0,
    "cost_per_unit": 120.0,
    "unit": "kg",
    "description": "Mejora estructura del suelo, aporta Ca y S sin modificar pH. Remedia sodicidad."
  },
  {
    "name": "Cal Agrícola CaCO3",
    "slug": "cal_agricola",
    "category": "secondary",
    "subcategory": "liming",
    "n_pct": 0.0,
    "p2o5_pct": 0.0,
    "k2o_pct": 0.0,
    "ca_pct": 40.0,
    "chemical_form": "calcium_carbonate",
    "physical_state": "solid",
    "solubility_g_l": 0.014,
    "ph_solution_1pct": 9.5,
    "for_soil": true,
    "prnt_pct": 95.0,
    "caco3_equivalent_kg_per_100kg": 100.0,
    "cost_per_unit": 85.0,
    "unit": "kg",
    "description": "Enmienda calcárea para elevar pH. PRNT indica poder neutralizante."
  },
  {
    "name": "Dolomita CaMg(CO3)2",
    "slug": "dolomita",
    "category": "secondary",
    "subcategory": "liming",
    "n_pct": 0.0,
    "p2o5_pct": 0.0,
    "k2o_pct": 0.0,
    "ca_pct": 22.0,
    "mg_pct": 12.0,
    "chemical_form": "calcium_magnesium_carbonate",
    "physical_state": "solid",
    "solubility_g_l": 0.032,
    "ph_solution_1pct": 9.5,
    "for_soil": true,
    "prnt_pct": 108.0,
    "caco3_equivalent_kg_per_100kg": 108.0,
    "cost_per_unit": 95.0,
    "unit": "kg",
    "description": "Cal dolomítica con Mg. Corrige pH y deficiencia de magnesio simultáneamente."
  },
  {
    "name": "Tiosulfato de Amonio (ATS) 12-0-0+26S",
    "slug": "ats_12_0_0_26s",
    "category": "secondary",
    "subcategory": "sulfur",
    "n_pct": 12.0,
    "p2o5_pct": 0.0,
    "k2o_pct": 0.0,
    "s_pct": 26.0,
    "chemical_form": "ammonium_thiosulfate",
    "n_ammoniacal_pct": 12.0,
    "physical_state": "liquid",
    "density_g_ml": 1.28,
    "ph_solution_1pct": 6.5,
    "for_fertigation": false,
    "efficiency_factor": 0.8,
    "cost_per_unit": 16.0,
    "unit": "L",
    "description": "N + S líquido para fertirriego. Azufre en forma disponible y reductora."
  },
  {
    "name": "Tiosulfato de Calcio (CaTS) 6Ca+10S",
    "slug": "cats_6ca_10s",
    "category": "secondary",
    "subcategory": "calcium",
    "n_pct": 0.0,
    "p2o5_pct": 0.0,
    "k2o_pct": 0.0,
    "ca_pct": 6.0,
    "s_pct": 10.0,
    "chemical_form": "calcium_thiosulfate",
    "physical_state": "liquid",
    "density_g_ml": 1.25,
    "ph_solution_1pct": 7.0,
    "for_fertigation": false,
    "efficiency_factor": 0.8,
    "cost_per_unit": 14.0,
    "unit": "L",
    "description": "Ca + S líquido, compatible en tanque con la mayoría de nutrientes."
  },
  {
    "name": "Fe-EDDHA 6%",
    "slug": "fe_eddha_6",
    "category": "micronutrient",
    "subcategory": "iron",
    "n_pct": 0.0,
    "p2o5_pct": 0.0,
    "k2o_pct": 0.0,
    "micronutrients": {
      "Fe": 6.0
    },
    "chemical_form": "iron_eddha",
    "physical_state": "solid",
    "solubility_g_l": 500.0,
    "ph_solution_1pct": 7.5,
    "for_soil": true,
    "for_fertigation": true,
    "efficiency_factor": 0.95,
    "cost_per_unit": 1850.0,
    "unit": "kg",
    "description": "Quelato de hierro estable a pH alto. Óptimo para suelos calizos y clorosis férrica."
  },
  {
    "name": "Fe-DTPA 11%",
    "slug": "fe_dtpa_11",
    "category": "micronutrient",
    "subcategory": "iron",
    "n_pct": 0.0,
    "p2o5_pct": 0.0,
    "k2o_pct": 0.0,
    "micronutrients": {
      "Fe": 11.0
    },
    "chemical_form": "iron_dtpa",
    "physical_state": "solid",
    "solubility_g_l": 600.0,
    "ph_solution_1pct": 7.0,
    "for_fertigation": true,
    "for_foliar": true,
    "max_foliar_dose_g_l": 2.0,
    "efficiency_factor": 0.8,
    "cost_per_unit": 1420.0,
    "unit": "kg",
    "description": "Quelato de Fe para pH medio (5-7). Más económico que EDDHA."
  },
  {
    "name": "Fe-EDTA 13%",
    "slug": "fe_edta_13",
    "category": "micronutrient",
    "subcategory": "iron",
    "n_pct": 0.0,
    "p2o5_pct": 0.0,
    "k2o_pct": 0.0,
    "micronutrients": {
      "Fe": 13.0
    },
    "chemical_form": "iron_edta",
    "physical_state": "solid",
    "solubility_g_l": 800.0,
    "ph_solution_1pct": 6.5,
    "for_fertigation": true,
    "for_foliar": true,
    "max_foliar_dose_g_l": 1.5,
    "efficiency_factor": 0.7,
    "cost_per_unit": 980.0,
    "unit": "kg",
    "description": "Quelato de Fe para pH ácido-neutro (<6.5). Aplicación foliar y fertirriego."
  },
  {
    "name": "Zn-EDTA 14%",
    "slug": "zn_edta_14",
    "category": "micronutrient",
    "subcategory": "zinc",
    "n_pct": 0.0,
    "p2o5_pct": 0.0,
    "k2o_pct": 0.0,
    "micronutrients": {
      "Zn": 14.0
    },
    "chemical_form": "zinc_edta",
    "physical_state": "solid",
    "solubility_g_l": 700.0,
    "ph_solution_1pct": 6.5,
    "for_fertigation": true,
    "for_foliar": true,
    "max_foliar_dose_g_l": 1.0,
    "efficiency_factor": 0.85,
    "cost_per_unit": 1150.0,
    "unit": "kg",
    "description": "Quelato de zinc. Prevención y corrección de deficiencias."
  },
  {
    "name": "Sulfato de Zinc 23% Zn",
    "slug": "sulfato_zinc_23",
    "category": "micronutrient",
    "subcategory": "zinc",
    "n_pct": 0.0,
    "p2o5_pct": 0.0,
    "k2o_pct": 0.0,
    "s_pct": 11.0,
    "micronutrients": {
      "Zn": 23.0
    },
    "chemical_form": "zinc_sulfate",
    "physical_state": "solid",
    "solubility_g_l": 965.0,
    "ph_solution_1pct": 5.0,
    "for_soil": true,
    "for_fertigation": true,
    "for_foliar": true,
    "max_foliar_dose_g_l": 2.0,
    "efficiency_factor": 0.6,
    "cost_per_unit": 420.0,
    "unit": "kg",
    "description": "Fuente inorgánica de Zn + S. Económica, buena para suelo y foliar."
  },
  {
    "name": "Mn-EDTA 13%",
    "slug": "mn_edta_13",
    "category": "micronutrient",
    "subcategory": "manganese",
    "n_pct": 0.0,
    "p2o5_pct": 0.0,
    "k2o_pct": 0.0,
    "micronutrients": {
      "Mn": 13.0
    },
    "chemical_form": "manganese_edta",
    "physical_state": "solid",
    "solubility_g_l": 650.0,
    "ph_solution_1pct": 6.5,
    "for_fertigation": true,
    "for_foliar": true,
    "max_foliar_dose_g_l": 1.0,
    "efficiency_factor": 0.8,
    "cost_per_unit": 890.0,
    "unit": "kg",
    "description": "Quelato de manganeso. Estable en pH medio, corrige deficiencias."
  },
  {
    "name": "Sulfato de Manganeso 32% Mn",
    "slug": "sulfato_manganeso_32",
    "category": "micronutrient",
    "subcategory": "manganese",
    "n_pct": 0.0,
    "p2o5_pct": 0.0,
    "k2o_pct": 0.0,
    "s_pct": 15.0,
    "micronutrients": {
      "Mn": 32.0
    },
    "chemical_form": "manganese_sulfate",
    "physical_state": "solid",
    "solubility_g_l": 700.0,
    "ph_solution_1pct": 5.5,
    "for_soil": true,
    "for_fertigation": true,
    "for_foliar": true,
    "max_foliar_dose_g_l": 2.0,
    "efficiency_factor": 0.65,
    "cost_per_unit": 380.0,
    "unit": "kg",
    "description": "Mn inorgánico + S. Económico para corrección en suelo y foliar."
  },
  {
    "name": "Cu-EDTA 14%",
    "slug": "cu_edta_14",
    "category": "micronutrient",
    "subcategory": "copper",
    "n_pct": 0.0,
    "p2o5_pct": 0.0,
    "k2o_pct": 0.0,
    "micronutrients": {
      "Cu": 14.0
    },
    "chemical_form": "copper_edta",
    "physical_state": "solid",
    "solubility_g_l": 550.0,
    "ph_solution_1pct": 6.5,
    "for_fertigation": true,
    "for_foliar": true,
    "max_foliar_dose_g_l": 0.5,
    "efficiency_factor": 0.85,
    "cost_per_unit": 1350.0,
    "unit": "kg",
    "description": "Quelato de cobre. Corrige deficiencias, cuidado con fitotoxicidad foliar."
  },
  {
    "name": "Sulfato de Cobre 25% Cu",
    "slug": "sulfato_cobre_25",
    "category": "micronutrient",
    "subcategory": "copper",
    "n_pct": 0.0,
    "p2o5_pct": 0.0,
    "k2o_pct": 0.0,
    "s_pct": 12.0,
    "micronutrients": {
      "Cu": 25.0
    },
    "chemical_form": "copper_sulfate",
    "physical_state": "solid",
    "solubility_g_l": 320.0,
    "ph_solution_1pct": 4.0,
    "for_soil": true,
    "for_fertigation": true,
    "efficiency_factor": 0.7,
    "cost_per_unit": 520.0,
    "unit": "kg",
    "hazard_phrases": [
      "H302",
      "H410"
    ],
    "description": "Cu + S inorgánico. Económico, precaución con dosis (tóxico en exceso)."
  },
  {
    "name": "Ácido Bórico 17% B",
    "slug": "acido_borico_17_b",
    "category": "micronutrient",
    "subcategory": "boron",
    "n_pct": 0.0,
    "p2o5_pct": 0.0,
    "k2o_pct": 0.0,
    "micronutrients": {
      "B": 17.0
    },
    "chemical_form": "boric_acid",
    "physical_state": "solid",
    "solubility_g_l": 56.0,
    "ph_solution_1pct": 5.0,
    "for_soil": true,
    "for_fertigation": true,
    "for_foliar": true,
    "max_foliar_dose_g_l": 1.0,
    "efficiency_factor": 0.9,
    "cost_per_unit": 620.0,
    "unit": "kg",
    "description": "Fuente soluble de B. Esencial para floración y cuaje, rango estrecho dosis/toxicidad."
  },
  {
    "name": "Borato de Sodio (Borax) 11% B",
    "slug": "borax_11_b",
    "category": "micronutrient",
    "subcategory": "boron",
    "n_pct": 0.0,
    "p2o5_pct": 0.0,
    "k2o_pct": 0.0,
    "micronutrients": {
      "B": 11.0
    },
    "chemical_form": "sodium_borate",
    "physical_state": "solid",
    "solubility_g_l": 47.0,
    "ph_solution_1pct": 9.2,
    "for_soil": true,
    "for_fertigation": true,
    "efficiency_factor": 0.85,
    "cost_per_unit": 480.0,
    "unit": "kg",
    "description": "Borato alcalino. Menos concentrado que ácido bórico, pH más alto."
  },
  {
    "name": "Molibdato de Sodio 39% Mo",
    "slug": "molibdato_sodio_39_mo",
    "category": "micronutrient",
    "subcategory": "molybdenum",
    "n_pct": 0.0,
    "p2o5_pct": 0.0,
    "k2o_pct": 0.0,
    "micronutrients": {
      "Mo": 39.0
    },
    "chemical_form": "sodium_molybdate",
    "physical_state": "solid",
    "solubility_g_l": 560.0,
    "ph_solution_1pct": 9.0,
    "for_soil": true,
    "for_fertigation": true,
    "for_foliar": true,
    "max_foliar_dose_g_l": 0.1,
    "efficiency_factor": 0.9,
    "cost_per_unit": 2800.0,
    "unit": "kg",
    "description": "Mo para leguminosas y crucíferas. Dosis muy bajas, esencial para fijación de N."
  },
  {
    "name": "NPK 30-10-10 Foliar",
    "slug": "npk_30_10_10_foliar",
    "category": "foliar",
    "subcategory": "complete",
    "n_pct": 30.0,
    "p2o5_pct": 10.0,
    "k2o_pct": 10.0,
    "chemical_form": "soluble_npk",
    "physical_state": "solid",
    "solubility_g_l": 900.0,
    "ph_solution_1pct": 6.0,
    "for_foliar": true,
    "max_foliar_dose_g_l": 3.0,
    "efficiency_factor": 0.8,
    "cost_per_unit": 850.0,
    "unit": "kg",
    "description": "NPK soluble alto en N. Impulso vegetativo foliar."
  },
  {
    "name": "NPK 20-20-20 Foliar",
    "slug": "npk_20_20_20_foliar",
    "category": "foliar",
    "subcategory": "complete",
    "n_pct": 20.0,
    "p2o5_pct": 20.0,
    "k2o_pct": 20.0,
    "chemical_form": "soluble_npk",
    "physical_state": "solid",
    "solubility_g_l": 850.0,
    "ph_solution_1pct": 6.5,
    "for_foliar": true,
    "for_fertigation": false,
    "max_foliar_dose_g_l": 3.0,
    "efficiency_factor": 0.75,
    "cost_per_unit": 780.0,
    "unit": "kg",
    "description": "NPK balanceado. Uso general foliar y fertirriego."
  },
  {
    "name": "NPK 13-40-13 Foliar",
    "slug": "npk_13_40_13_foliar",
    "category": "foliar",
    "subcategory": "complete",
    "n_pct": 13.0,
    "p2o5_pct": 40.0,
    "k2o_pct": 13.0,
    "chemical_form": "soluble_npk",
    "physical_state": "solid",
    "solubility_g_l": 750.0,
    "ph_solution_1pct": 5.5,
    "for_foliar": true,
    "for_fertigation": false,
    "max_foliar_dose_g_l": 2.5,
    "efficiency_factor": 0.8,
    "cost_per_unit": 920.0,
    "unit": "kg",
    "description": "Alto P para floración y raíz. Aplicación en etapas iniciales y reproductivas."
  },
  {
    "name": "NPK 12-12-36 Foliar",
    "slug": "npk_12_12_36_foliar",
    "category": "foliar",
    "subcategory": "complete",
    "n_pct": 12.0,
    "p2o5_pct": 12.0,
    "k2o_pct": 36.0,
    "mg_pct": 2.0,
    "chemical_form": "soluble_npk",
    "physical_state": "solid",
    "solubility_g_l": 820.0,
    "ph_solution_1pct": 6.0,
    "for_foliar": true,
    "for_fertigation": false,
    "max_foliar_dose_g_l": 3.0,
    "efficiency_factor": 0.85,
    "cost_per_unit": 890.0,
    "unit": "kg",
    "description": "Alto K + Mg. Calidad de fruto, llenado y maduración."
  },
  {
    "name": "NPK 15-05-35 Foliar",
    "slug": "npk_15_05_35_foliar",
    "category": "foliar",
    "subcategory": "complete",
    "n_pct": 15.0,
    "p2o5_pct": 5.0,
    "k2o_pct": 35.0,
    "mg_pct": 2.0,
    "chemical_form": "soluble_npk",
    "physical_state": "solid",
    "solubility_g_l": 870.0,
    "ph_solution_1pct": 6.2,
    "for_foliar": true,
    "for_fertigation": false,
    "max_foliar_dose_g_l": 3.0,
    "efficiency_factor": 0.85,
    "cost_per_unit": 910.0,
    "unit": "kg",
    "description": "NK alto + Mg. Engorde y calidad en frutales y hortalizas."
  },
  {
    "name": "NPK 10-52-10 Foliar",
    "slug": "npk_10_52_10_foliar",
    "category": "foliar",
    "subcategory": "complete",
    "n_pct": 10.0,
    "p2o5_pct": 52.0,
    "k2o_pct": 10.0,
    "chemical_form": "soluble_npk",
    "physical_state": "solid",
    "solubility_g_l": 700.0,
    "ph_solution_1pct": 5.0,
    "for_foliar": true,
    "for_fertigation": false,
    "max_foliar_dose_g_l": 2.0,
    "efficiency_factor": 0.8,
    "cost_per_unit": 980.0,
    "unit": "kg",
    "description": "Muy alto en P. Arranque, enraizamiento y pre-floración."
  },
  {
    "name": "Cloruro de Calcio Foliar 36% Ca",
    "slug": "cloruro_calcio_foliar_36ca",
    "category": "foliar",
    "subcategory": "calcium",
    "n_pct": 0.0,
    "p2o5_pct": 0.0,
    "k2o_pct": 0.0,
    "ca_pct": 36.0,
    "chloride_content_pct": 64.0,
    "chemical_form": "calcium_chloride",
    "physical_state": "solid",
    "solubility_g_l": 745.0,
    "ph_solution_1pct": 8.0,
    "for_foliar": true,
    "max_foliar_dose_g_l": 5.0,
    "efficiency_factor": 0.75,
    "cost_per_unit": 420.0,
    "unit": "kg",
    "description": "Ca foliar de absorción rápida. Precaución fitotoxicidad, evitar horas calientes."
  },
  {
    "name": "Azufre Elemental 90% S",
    "slug": "azufre_elemental_90_s",
    "category": "amendment",
    "subcategory": "acidification",
    "n_pct": 0.0,
    "p2o5_pct": 0.0,
    "k2o_pct": 0.0,
    "s_pct": 90.0,
    "chemical_form": "elemental_sulfur",
    "physical_state": "solid",
    "solubility_g_l": 0.0,
    "for_soil": true,
    "caco3_equivalent_kg_per_100kg": -312.0,
    "particle_size_mm": 0.15,
    "cost_per_unit": 180.0,
    "unit": "kg",
    "description": "Acidificante de liberación lenta. Necesita oxidación microbiana a SO4. Baja pH gradualmente."
  },
  {
    "name": "NPK 18-46-0",
    "slug": "npk_18_46_0",
    "category": "compound",
    "subcategory": "solid",
    "n_pct": 18.0,
    "p2o5_pct": 46.0,
    "k2o_pct": 0.0,
    "chemical_form": "diammonium_phosphate",
    "physical_state": "solid",
    "for_soil": true,
    "for_fertigation": false,
    "efficiency_factor": 0.85,
    "cost_per_unit": 520.0,
    "unit": "kg",
    "description": "DAP - Fosfato diamónico. Alta concentración de P, ideal para siembra."
  },
  {
    "name": "NPK 17-17-17",
    "slug": "npk_17_17_17",
    "category": "compound",
    "subcategory": "solid",
    "n_pct": 17.0,
    "p2o5_pct": 17.0,
    "k2o_pct": 17.0,
    "physical_state": "solid",
    "for_soil": true,
    "for_fertigation": false,
    "efficiency_factor": 0.8,
    "cost_per_unit": 550.0,
    "unit": "kg",
    "description": "Triple 17. Fórmula balanceada universal para todo tipo de cultivos."
  },
  {
    "name": "NPK 15-15-15",
    "slug": "npk_15_15_15",
    "category": "compound",
    "subcategory": "solid",
    "n_pct": 15.0,
    "p2o5_pct": 15.0,
    "k2o_pct": 15.0,
    "physical_state": "solid",
    "for_soil": true,
    "for_fertigation": false,
    "efficiency_factor": 0.8,
    "cost_per_unit": 480.0,
    "unit": "kg",
    "description": "Triple 15. Balance general económico para mantenimiento."
  },
  {
    "name": "NPK 20-10-10",
    "slug": "npk_20_10_10",
    "category": "compound",
    "subcategory": "solid",
    "n_pct": 20.0,
    "p2o5_pct": 10.0,
    "k2o_pct": 10.0,
    "physical_state": "solid",
    "for_soil": true,
    "for_fertigation": false,
    "efficiency_factor": 0.8,
    "cost_per_unit": 500.0,
    "unit": "kg",
    "description": "Alto nitrógeno. Ideal para crecimiento vegetativo."
  },
  {
    "name": "NPK 12-24-12",
    "slug": "npk_12_24_12",
    "category": "compound",
    "subcategory": "solid",
    "n_pct": 12.0,
    "p2o5_pct": 24.0,
    "k2o_pct": 12.0,
    "physical_state": "solid",
    "for_soil": true,
    "for_fertigation": false,
    "efficiency_factor": 0.8,
    "cost_per_unit": 490.0,
    "unit": "kg",
    "description": "Alto fósforo. Estimula enraizamiento y floración."
  },
  {
    "name": "NPK 10-30-10",
    "slug": "npk_10_30_10",
    "category": "compound",
    "subcategory": "solid",
    "n_pct": 10.0,
    "p2o5_pct": 30.0,
    "k2o_pct": 10.0,
    "physical_state": "solid",
    "for_soil": true,
    "for_fertigation": false,
    "efficiency_factor": 0.85,
    "cost_per_unit": 510.0,
    "unit": "kg",
    "description": "Muy alto en fósforo. Para arranque y desarrollo radical."
  },
  {
    "name": "NPK 13-13-21",
    "slug": "npk_13_13_21",
    "category": "compound",
    "subcategory": "solid",
    "n_pct": 13.0,
    "p2o5_pct": 13.0,
    "k2o_pct": 21.0,
    "physical_state": "solid",
    "for_soil": true,
    "for_fertigation": false,
    "efficiency_factor": 0.8,
    "cost_per_unit": 520.0,
    "unit": "kg",
    "description": "Alto potasio. Para fructificación y calidad de fruto."
  },
  {
    "name": "NPK 8-24-24",
    "slug": "npk_8_24_24",
    "category": "compound",
    "subcategory": "solid",
    "n_pct": 8.0,
    "p2o5_pct": 24.0,
    "k2o_pct": 24.0,
    "physical_state": "solid",
    "for_soil": true,
    "for_fertigation": false,
    "efficiency_factor": 0.85,
    "cost_per_unit": 540.0,
    "unit": "kg",
    "description": "P y K alto. Para llenado de fruto y calidad."
  },
  {
    "name": "Nitrato de Calcio Granular 15.5-0-0+26Ca",
    "slug": "nitrato_calcio_granular",
    "category": "nitrogen",
    "subcategory": "solid",
    "n_pct": 15.5,
    "p2o5_pct": 0.0,
    "k2o_pct": 0.0,
    "ca_pct": 26.0,
    "n_nitric_pct": 15.5,
    "physical_state": "solid",
    "for_soil": true,
    "for_fertigation": false,
    "efficiency_factor": 0.95,
    "cost_per_unit": 650.0,
    "unit": "kg",
    "description": "N nítrico + Ca. Alta solubilidad, absorción rápida. Previene pudrición apical."
  },
  {
    "name": "Sulfato de Magnesio (Sal de Epsom) 16% Mg + 13% S",
    "slug": "sulfato_magnesio",
    "category": "secondary",
    "subcategory": "solid",
    "n_pct": 0.0,
    "p2o5_pct": 0.0,
    "k2o_pct": 0.0,
    "mg_pct": 16.0,
    "s_pct": 13.0,
    "physical_state": "solid",
    "for_soil": true,
    "for_fertigation": false,
    "for_foliar": true,
    "cost_per_unit": 280.0,
    "unit": "kg",
    "description": "Sal de Epsom. Mg y S solubles. Corrige clorosis por deficiencia de Mg."
  },
  {
    "name": "Polisulfuro de Calcio 29% Ca + 26% S",
    "slug": "polisulfuro_calcio",
    "category": "foliar",
    "subcategory": "liquid",
    "n_pct": 0.0,
    "p2o5_pct": 0.0,
    "k2o_pct": 0.0,
    "ca_pct": 29.0,
    "s_pct": 26.0,
    "physical_state": "liquid",
    "density_g_ml": 1.27,
    "for_foliar": true,
    "for_soil": true,
    "cost_per_unit": 45.0,
    "unit": "L",
    "description": "Calcio azufrado. Fungicida + nutriente. Previene enfermedades y aporta Ca y S."
  },
  {
    "name": "Quelato de Hierro EDDHA 6%",
    "slug": "quelato_hierro_eddha_6",
    "category": "micronutrient",
    "subcategory": "solid",
    "n_pct": 0.0,
    "p2o5_pct": 0.0,
    "k2o_pct": 0.0,
    "fe_pct": 6.0,
    "chelating_agent": "EDDHA",
    "physical_state": "solid",
    "for_soil": true,
    "for_fertigation": true,
    "cost_per_unit": 1800.0,
    "unit": "kg",
    "description": "Fe quelato EDDHA. Estable a pH alto (hasta 10). Corrección eficaz de clorosis férrica."
  },
  {
    "name": "Ácido Fosfórico 85%",
    "slug": "acido_fosforico_85",
    "category": "phosphorus",
    "subcategory": "liquid",
    "n_pct": 0.0,
    "p2o5_pct": 61.0,
    "k2o_pct": 0.0,
    "physical_state": "liquid",
    "density_g_ml": 1.69,
    "for_fertigation": false,
    "efficiency_factor": 0.95,
    "cost_per_unit": 25.0,
    "unit": "L",
    "description": "Fuente líquida de P. Acidifica y limpia sistemas de riego."
  },
  {
    "name": "Nitrato de Magnesio 11-0-0+9Mg",
    "slug": "nitrato_magnesio",
    "category": "secondary",
    "subcategory": "solid",
    "n_pct": 11.0,
    "p2o5_pct": 0.0,
    "k2o_pct": 0.0,
    "mg_pct": 9.0,
    "n_nitric_pct": 11.0,
    "physical_state": "solid",
    "for_fertigation": false,
    "for_foliar": true,
    "efficiency_factor": 0.9,
    "cost_per_unit": 580.0,
    "unit": "kg",
    "description": "N nítrico + Mg. Corrige deficiencias de Mg con N de absorción rápida."
  },
  {
    "name": "Humus Líquido de Lombriz",
    "slug": "humus_liquido",
    "category": "organic",
    "subcategory": "liquid",
    "n_pct": 1.5,
    "p2o5_pct": 1.0,
    "k2o_pct": 1.5,
    "physical_state": "liquid",
    "density_g_ml": 1.05,
    "for_soil": true,
    "for_fertigation": false,
    "cost_per_unit": 18.0,
    "unit": "L",
    "description": "Enmienda orgánica líquida. Mejora estructura, retención de agua y actividad microbiana."
  },
  {
    "name": "Composta Orgánica Certificada",
    "slug": "composta_organica",
    "category": "organic",
    "subcategory": "solid",
    "n_pct": 1.2,
    "p2o5_pct": 0.8,
    "k2o_pct": 1.0,
    "physical_state": "solid",
    "for_soil": true,
    "cost_per_unit": 120.0,
    "unit": "kg",
    "description": "Materia orgánica compostada. Mejora estructura del suelo y aporta nutrientes de liberación lenta."
  },
  {
    "name": "Extracto de Algas Marinas",
    "slug": "extracto_algas",
    "category": "foliar",
    "subcategory": "liquid",
    "n_pct": 0.5,
    "p2o5_pct": 0.2,
    "k2o_pct": 2.5,
    "physical_state": "liquid",
    "density_g_ml": 1.15,
    "for_foliar": true,
    "for_fertigation": false,
    "cost_per_unit": 85.0,
    "unit": "L",
    "description": "Bioestimulante de algas. Fitohormonas, aminoácidos y micronutrientes. Mejora resistencia al estrés."
  },
  {
    "name": "Urea 46-0-0",
    "slug": "urea_46_0_0",
    "category": "nitrogen",
    "subcategory": "solid",
    "n_pct": 46.0,
    "p2o5_pct": 0.0,
    "k2o_pct": 0.0,
    "chemical_form": "urea",
    "n_ureic_pct": 46.0,
    "physical_state": "solid",
    "solubility_g_l": 1080.0,
    "ph_solution_1pct": 7.2,
    "salt_index": 75.4,
    "biuret_pct": 1.0,
    "for_soil": true,
    "for_fertigation": false,
    "for_foliar": true,
    "max_foliar_dose_g_l": 10.0,
    "efficiency_factor": 0.7,
    "caco3_equivalent_kg_per_100kg": -84.0,
    "cost_per_unit": 450.0,
    "unit": "kg",
    "description": "Fertilizante nitrogenado de alta concentración. Requiere hidrólisis en el suelo.",
    "is_active": false
  },
  {
    "name": "Sulfato de Amonio 21-0-0+24S",
    "slug": "sulfato_amonio_21_0_0_24s",
    "category": "nitrogen",
    "subcategory": "solid",
    "n_pct": 21.0,
    "p2o5_pct": 0.0,
    "k2o_pct": 0.0,
    "s_pct": 24.0,
    "chemical_form": "ammonium_sulfate",
    "n_ammoniacal_pct": 21.0,
    "physical_state": "solid",
    "solubility_g_l": 750.0,
    "ph_solution_1pct": 5.5,
    "salt_index": 69.0,
    "for_soil": true,
    "for_fertigation": false,
    "efficiency_factor": 0.85,
    "caco3_equivalent_kg_per_100kg": -110.0,
    "cost_per_unit": 380.0,
    "unit": "kg",
    "description": "Acidificante, aporta N y S. Ideal para suelos alcalinos.",
    "is_active": false
  },
  {
    "name": "Ácido Fosfórico 0-52-0 (85%)",
    "slug": "acido_fosforico_0_52_0",
    "category": "phosphorus",
    "subcategory": "liquid",
    "n_pct": 0.0,
    "p2o5_pct": 52.0,
    "k2o_pct": 0.0,
    "chemical_form": "phosphoric_acid",
    "physical_state": "liquid",
    "density_g_ml": 1.68,
    "for_soil": true,
    "for_fertigation": true,
    "cost_per_unit": 22.0,
    "unit": "kg",
    "description": "Ácido fosfórico de alta concentración.",
    "is_active": false
  },
  {
    "name": "Sulfato de Potasio (SOP) 0-0-50+18S",
    "slug": "sop_0_0_50_18s",
    "category": "potassium",
    "subcategory": "solid",
    "n_pct": 0.0,
    "p2o5_pct": 0.0,
    "k2o_pct": 50.0,
    "s_pct": 18.0,
    "chemical_form": "potassium_sulfate",
    "physical_state": "solid",
    "solubility_g_l": 120.0,
    "for_soil": true,
    "for_fertigation": true,
    "cost_per_unit": 22.0,
    "unit": "kg",
    "description": "Fuente de potasio y azufre sin cloruro.",
    "is_active": false
  },
  {
    "name": "Nitrato de Potasio 13-0-46",
    "slug": "nitrato_potasio_13_0_46",
    "category": "potassium",
    "subcategory": "solid",
    "n_pct": 13.0,
    "p2o5_pct": 0.0,
    "k2o_pct": 46.0,
    "chemical_form": "potassium_nitrate",
    "n_nitric_pct": 13.0,
    "physical_state": "solid",
    "solubility_g_l": 360.0,
    "for_soil": true,
    "for_fertigation": true,
    "cost_per_unit": 32.0,
    "unit": "kg",
    "description": "Fuente de N y K de alta calidad.",
    "is_active": false
  },
  {
    "name": "Nitrato de Calcio 15.5-0-0+19Ca",
    "slug": "nitrato_calcio_15_5_0_0_19ca",
    "category": "secondary",
    "subcategory": "solid",
    "n_pct": 15.5,
    "p2o5_pct": 0.0,
    "k2o_pct": 0.0,
    "ca_pct": 19.0,
    "chemical_form": "calcium_nitrate",
    "n_nitric_pct": 15.5,
    "physical_state": "solid",
    "solubility_g_l": 1290.0,
    "for_soil": true,
    "for_fertigation": true,
    "cost_per_unit": 20.0,
    "unit": "kg",
    "description": "Fuente de N y Ca de rápida disponibilidad.",
    "is_active": false
  },
  {
    "name": "Nitrato de Magnesio 10-0-0+15MgO",
    "slug": "nitrato_magnesio_10_0_0_15mgo",
    "category": "secondary",
    "subcategory": "solid",
    "n_pct": 10.0,
    "p2o5_pct": 0.0,
    "k2o_pct": 0.0,
    "mg_pct": 9.0,
    "chemical_form": "magnesium_nitrate",
    "n_nitric_pct": 10.0,
    "physical_state": "solid",
    "solubility_g_l": 700.0,
    "for_soil": true,
    "for_fertigation": true,
    "cost_per_unit": 18.0,
    "unit": "kg",
    "description": "Fuente de N y Mg soluble.",
    "is_active": false
  },
  {
    "name": "Sulfato de Magnesio (Heptahidrato) Mg+S",
    "slug": "sulfato_magnesio_mg_s",
    "category": "secondary",
    "subcategory": "solid",
    "n_pct": 0.0,
    "p2o5_pct": 0.0,
    "k2o_pct": 0.0,
    "mg_pct": 9.8,
    "s_pct": 13.0,
    "chemical_form": "magnesium_sulfate",
    "physical_state": "solid",
    "solubility_g_l": 710.0,
    "for_soil": true,
    "for_fertigation": true,
    "cost_per_unit": 10.0,
    "unit": "kg",
    "description": "Sal de Epsom. Fuente de Mg y S.",
    "is_active": false
  },
  {
    "name": "Ácido Nítrico 60%",
    "slug": "acido_nitrico_60",
    "category": "amendment",
    "subcategory": "liquid",
    "chemical_form": "nitric_acid",
    "physical_state": "liquid",
    "density_g_ml": 1.37,
    "for_soil": true,
    "for_fertigation": true,
    "cost_per_unit": 15.0,
    "unit": "kg",
    "description": "Ácido para ajuste de pH y aporte de N nítrico.",
    "is_active": false
  },
  {
    "name": "Ácido Sulfúrico 98%",
    "slug": "acido_sulfurico_98",
    "category": "amendment",
    "subcategory": "liquid",
    "chemical_form": "sulfuric_acid",
    "physical_state": "liquid",
    "density_g_ml": 1.84,
    "for_soil": true,
    "for_fertigation": true,
    "cost_per_unit": 10.0,
    "unit": "kg",
    "description": "Ácido para ajuste de pH.",
    "is_active": false
  },
  {
    "name": "Nitrato de Potasio Cristalino 13-0-46",
    "slug": "nitrato_potasio_cristalino",
    "category": "potassium",
    "subcategory": "solid",
    "n_pct": 13.0,
    "p2o5_pct": 0.0,
    "k2o_pct": 46.0,
    "chemical_form": "potassium_nitrate",
    "n_nitric_pct": 13.0,
    "physical_state": "solid",
    "solubility_g_l": 360.0,
    "for_soil": true,
    "for_fertigation": true,
    "cost_per_unit": 30.0,
    "unit": "kg",
    "description": "Nitrato de potasio cristalino de alta pureza.",
    "is_active": false
  },
  {
    "name": "Fosfato Monoamónico (MAP) Cristalino 12-61-0",
    "slug": "map_cristalino",
    "category": "phosphorus",
    "subcategory": "solid",
    "n_pct": 12.0,
    "p2o5_pct": 61.0,
    "k2o_pct": 0.0,
    "chemical_form": "monoammonium_phosphate",
    "n_ammoniacal_pct": 12.0,
    "physical_state": "solid",
    "solubility_g_l": 365.0,
    "for_soil": true,
    "for_fertigation": true,
    "cost_per_unit": 22.0,
    "unit": "kg",
    "description": "MAP cristalino de alta pureza para fertirrigación.",
    "is_active": false
  },
  {
    "name": "Fosfato Monopotásico (MKP) 0-52-34",
    "slug": "mkp_0_52_34",
    "category": "phosphorus",
    "subcategory": "solid",
    "n_pct": 0.0,
    "p2o5_pct": 52.0,
    "k2o_pct": 34.0,
    "chemical_form": "monopotassium_phosphate",
    "physical_state": "solid",
    "solubility_g_l": 230.0,
    "for_soil": true,
    "for_fertigation": true,
    "cost_per_unit": 38.0,
    "unit": "kg",
    "description": "MKP para fertirrigación de alta calidad.",
    "is_active": false
  }
]